Name,Creation-Time,Metadata,Tags
testcontainer/demofile-00001223a3b6450eb5a37de41504a2c4.xml,2022-10-20T12:01:12Z,"{""meta1"":""val1"",""meta2"":""10/20/2022""}",
testcontainer/demofile-0000132b00be4104a63d2c861583d71a.xml,2022-10-20T13:01:07Z,"{""meta1"":""val1"",""meta2"":""10/20/2022""}",
testcontainer/demofile-000013df1c734d8f8a32602da20661dd.xml,2022-10-20T11:53:38Z,"{""meta1"":""val1"",""meta2"":""10/20/2022""}",
testcontainer/demofile-000016cb6bad450d8fb9b6ff1bfa64ba.xml,2022-10-20T13:17:08Z,"{""meta1"":""val1"",""meta2"":""10/20/2022""}",
testcontainer/demofile-00001b687aac46cd9066446307e093f9.xml,2022-10-20T11:33:58Z,"{""meta1"":""val1"",""meta2"":""10/20/2022""}",
testcontainer/demofile-00002a2948274ec097425f932d9f06eb.xml,2022-10-20T11:30:07Z,"{""meta1"":""val1"",""meta2"":""10/20/2022""}",
testcontainer/demofile-0000341934cb4794a8582c2cb72833da.xml,2022-10-20T12:50:09Z,"{""meta1"":""val1"",""meta2"":""10/20/2022""}",
testcontainer/demofile-00005e5a860745c4b1b909b3af0c283a.xml,2022-10-20T11:27:47Z,"{""meta1"":""val1"",""meta2"":""10/20/2022""}",
testcontainer/demofile-00006a4f5af64ea0a85beed9b2282258.xml,2022-10-20T12:35:03Z,"{""meta1"":""val1"",""meta2"":""10/20/2022""}",
testcontainer/demofile-00009482a48241b9bac496b87c71ce59.xml,2022-10-20T12:30:41Z,"{""meta1"":""val1"",""meta2"":""10/20/2022""}",
testcontainer/demofile-0000ad3922344887aae80b4ca1cb4528.xml,2022-10-20T11:50:11Z,"{""meta1"":""val1"",""meta2"":""10/20/2022""}",
testcontainer/demofile-0000bdc7725d44d4bc372af16574707a.xml,2022-10-20T11:40:22Z,"{""meta1"":""val1"",""meta2"":""10/20/2022""}",
testcontainer/demofile-0000c50f72054231ba0e69aa808a6fd6.xml,2022-10-20T12:42:41Z,"{""meta1"":""val1"",""meta2"":""10/20/2022""}",
testcontainer/demofile-0000ccf42b1b49f3b366c20604080940.xml,2022-10-20T12:41:36Z,"{""meta1"":""val1"",""meta2"":""10/20/2022""}",
testcontainer/demofile-0000e40d43d943f2a1b83c62ab64a970.xml,2022-10-20T12:04:03Z,"{""meta1"":""val1"",""meta2"":""10/20/2022""}",
testcontainer/demofile-0000ea8ecd4a4d17b084db49cb157ae0.xml,2022-10-20T13:08:03Z,"{""meta1"":""val1"",""meta2"":""10/20/2022""}",
testcontainer/demofile-0000f17eca8b4bf8b0bcc5c11402fd44.xml,2022-10-20T13:10:38Z,"{""meta1"":""val1"",""meta2"":""10/20/2022""}",
testcontainer/demofile-0000fba0655c4f6c80f343ecefea414c.xml,2022-10-20T12:43:23Z,"{""meta1"":""val1"",""meta2"":""10/20/2022""}",
testcontainer/demofile-000102796c664c10818ebe2bfb386d13.xml,2022-10-20T11:28:18Z,"{""meta1"":""val1"",""meta2"":""10/20/2022""}",
testcontainer/demofile-000103a1da084abab0ae61a5d9324a2f.xml,2022-10-20T13:11:45Z,"{""meta1"":""val1"",""meta2"":""10/20/2022""}",
testcontainer/demofile-00010c16175f4b64bd7109dbf23b93e3.xml,2022-10-20T11:33:13Z,"{""meta1"":""val1"",""meta2"":""10/20/2022""}",
testcontainer/demofile-00010c2075d5407c9ec8f9adf33a5371.xml,2022-10-20T11:32:51Z,"{""meta1"":""val1"",""meta2"":""10/20/2022""}",
testcontainer/demofile-000111f33d0e43658bf8633a2120590c.xml,2022-10-20T12:24:27Z,"{""meta1"":""val1"",""meta2"":""10/20/2022""}",
testcontainer/demofile-0001130ce0b349e78f5b2e503d4fc81f.xml,2022-10-20T11:54:56Z,"{""meta1"":""val1"",""meta2"":""10/20/2022""}",